{
    "version": "1.4.0",
    "project": {
        "name": "recursion",
        "directory": "/Users/sumanireddy/Downloads/recursion",
        "workspaceDir": "/Users/sumanireddy/Downloads/recursion",
        "sources": [
            "/Users/sumanireddy/Downloads/recursion/src/main/scala",
            "/Users/sumanireddy/Downloads/recursion/src/main/scala-2.13",
            "/Users/sumanireddy/Downloads/recursion/src/main/scala-2",
            "/Users/sumanireddy/Downloads/recursion/src/main/java",
            "/Users/sumanireddy/Downloads/recursion/target/scala-2.13/src_managed/main"
        ],
        "dependencies": [
            
        ],
        "classpath": [
            "/Users/sumanireddy/Library/Caches/Coursier/v1/https/repo1.maven.org/maven2/org/scala-lang/scala-library/2.13.8/scala-library-2.13.8.jar"
        ],
        "out": "/Users/sumanireddy/Downloads/recursion/.bloop/recursion",
        "classesDir": "/Users/sumanireddy/Downloads/recursion/.bloop/recursion/scala-2.13/classes",
        "resources": [
            "/Users/sumanireddy/Downloads/recursion/src/main/resources",
            "/Users/sumanireddy/Downloads/recursion/target/scala-2.13/resource_managed/main"
        ],
        "scala": {
            "organization": "org.scala-lang",
            "name": "scala-compiler",
            "version": "2.13.8",
            "options": [
                
            ],
            "jars": [
                "/Users/sumanireddy/Library/Caches/Coursier/v1/https/repo1.maven.org/maven2/org/scala-lang/scala-library/2.13.8/scala-library-2.13.8.jar",
                "/Users/sumanireddy/Library/Caches/Coursier/v1/https/repo1.maven.org/maven2/org/scala-lang/scala-compiler/2.13.8/scala-compiler-2.13.8.jar",
                "/Users/sumanireddy/Library/Caches/Coursier/v1/https/repo1.maven.org/maven2/org/scala-lang/scala-reflect/2.13.8/scala-reflect-2.13.8.jar",
                "/Users/sumanireddy/Library/Caches/Coursier/v1/https/repo1.maven.org/maven2/org/jline/jline/3.21.0/jline-3.21.0.jar",
                "/Users/sumanireddy/Library/Caches/Coursier/v1/https/repo1.maven.org/maven2/net/java/dev/jna/jna/5.9.0/jna-5.9.0.jar"
            ],
            "setup": {
                "order": "mixed",
                "addLibraryToBootClasspath": true,
                "addCompilerToClasspath": false,
                "addExtraJarsToClasspath": false,
                "manageBootClasspath": true,
                "filterLibraryFromClasspath": true
            }
        },
        "java": {
            "options": [
                
            ]
        },
        "test": {
            "frameworks": [
                {
                    "names": [
                        "org.scalacheck.ScalaCheckFramework"
                    ]
                },
                {
                    "names": [
                        "org.specs2.runner.Specs2Framework",
                        "org.specs2.runner.SpecsFramework"
                    ]
                },
                {
                    "names": [
                        "org.specs.runner.SpecsFramework"
                    ]
                },
                {
                    "names": [
                        "org.scalatest.tools.Framework",
                        "org.scalatest.tools.ScalaTestFramework"
                    ]
                },
                {
                    "names": [
                        "com.novocode.junit.JUnitFramework"
                    ]
                },
                {
                    "names": [
                        "munit.Framework"
                    ]
                },
                {
                    "names": [
                        "zio.test.sbt.ZTestFramework"
                    ]
                }
            ],
            "options": {
                "excludes": [
                    
                ],
                "arguments": [
                    
                ]
            }
        },
        "platform": {
            "name": "jvm",
            "config": {
                "home": "/Library/Java/JavaVirtualMachines/jdk-19.jdk/Contents/Home",
                "options": [
                    "-Duser.dir=/Users/sumanireddy/Downloads/recursion"
                ]
            },
            "mainClass": [
                
            ]
        },
        "resolution": {
            "modules": [
                {
                    "organization": "org.scala-lang",
                    "name": "scala-library",
                    "version": "2.13.8",
                    "configurations": "default",
                    "artifacts": [
                        {
                            "name": "scala-library",
                            "path": "/Users/sumanireddy/Library/Caches/Coursier/v1/https/repo1.maven.org/maven2/org/scala-lang/scala-library/2.13.8/scala-library-2.13.8.jar"
                        },
                        {
                            "name": "scala-library",
                            "classifier": "sources",
                            "path": "/Users/sumanireddy/Library/Caches/Coursier/v1/https/repo1.maven.org/maven2/org/scala-lang/scala-library/2.13.8/scala-library-2.13.8-sources.jar"
                        }
                    ]
                },
                {
                    "organization": "org.scala-lang",
                    "name": "scala-library",
                    "version": "2.13.8",
                    "configurations": "optional",
                    "artifacts": [
                        {
                            "name": "scala-library",
                            "path": "/Users/sumanireddy/Library/Caches/Coursier/v1/https/repo1.maven.org/maven2/org/scala-lang/scala-library/2.13.8/scala-library-2.13.8.jar"
                        },
                        {
                            "name": "scala-library",
                            "classifier": "sources",
                            "path": "/Users/sumanireddy/Library/Caches/Coursier/v1/https/repo1.maven.org/maven2/org/scala-lang/scala-library/2.13.8/scala-library-2.13.8-sources.jar"
                        }
                    ]
                }
            ]
        },
        "tags": [
            "library"
        ]
    }
}